SKU,Estimated Lead Time (calendar days) if booked this week
MG21-HW-WW,140
MG21E-HW-WW,204
MG41-HW,35
MG41E-HW,215
MR20-HW,170
MR30H-HW,20
MR36H-HW,35
MR36-HW,150
MR44-HW,40
MR46-HW,120
MR46E-HW,126
MR56-HW,120
MR70-HW,70
MR76-HW,200
MR86-HW,220
MS120-24-HW,178
MS120-24P-HW,120
MS120-48-HW,1
MS120-48FP-HW,135
MS120-48LP-HW,150
MS120-8-HW,1
MS120-8FP-HW,75
MS120-8LP-HW,120
MS125-24-HW,1
MS125-24P-HW,120
MS125-48-HW,1
MS125-48FP-HW,9
MS125-48LP-HW,87
MS210-24-HW,17
MS210-24P-HW,123
MS210-48-HW,35
MS210-48FP-HW,140
MS210-48LP-HW,1
MS225-24-HW,1
MS225-24P-HW,77
MS225-48-HW,1
MS225-48FP-HW,47
MS225-48LP-HW,19
MS250-24-HW,1
MS250-24P-HW,1
MS250-48-HW,1
MS250-48FP-HW,1
MS250-48LP-HW,1
MS350-24-HW,1
MS350-24P-HW,1
MS350-24X-HW,65
MS350-48-HW,64
MS350-48FP-HW,1
MS350-48LP-HW,1
MS355-24X-HW,1
MS355-24X2-HW,1
MS355-48X-HW,1
MS355-48X2-HW,1
MS390-24-HW,270
MS390-24P-HW,270
MS390-24U-HW,270
MS390-24UX-HW,300
MS390-48-HW,1
MS390-48P-HW,264
MS390-48U-HW,272
MS390-48UX-HW,330
MS390-48UX2-HW,300
MS410-16-HW,1
MS410-32-HW,1
MS425-16-HW,1
MS425-32-HW,1
MS450-12-HW,1
MV12N-HW,145
MV12W-HW,120
MV12WE-HW,140
MV2-HW,1
MV22-HW,140
MV22X-HW,202
MV32-HW,1
MV72-HW,127
MV72X-HW,180
MV52-HW,12
MX100-HW,10
MX250-HW,1
MX450-HW,60
MX64-HW,333
MX64W-HW,333
MX67-HW,120
MX67C-HW-WW,240
MX67W-HW,300
MX68-HW,210
MX68CW-HW-WW,289
MX68W-HW,240
MX75-HW,115
MX85-HW,230
MX95-HW,1
MX105-HW,1
Z3-HW,75
Z3C-HW-WW,85
MT10-HW,1
MT11-HW,15
MT12-HW,0
MT20-HW,1
GX20-HW-UK,1
GX20-HW-EU,1
GS110-8P-HW-UK,1
GS110-8P-HW-EU,1
GS110-8-HW-UK,1
GS110-8-HW-EU,1
GS110-48P-HW-UK,1
GS110-48P-HW-EU,1
GS110-48-HW-UK,1
GS110-48-HW-EU,1
GS110-24P-HW-UK,1
GS110-24P-HW-EU,1
GS110-24-HW-UK,1
GS110-24-HW-EU,1
GR60-HW-UK,1
GR60-HW-EU,1
GR10-HW-UK,1
GR10-HW-EU,1
